symbol,date,open,high,low,close,volume,change,changePercent,vwap
AMZN,2025-10-06,221.0,221.73,216.03,220.9,43690900,-0.1,-0.04524887,219.915
AMZN,2025-10-03,223.44,224.2,219.34,219.51,43639033,-3.93,-1.76,221.6225
AMZN,2025-10-02,221.01,222.81,218.95,222.41,41258600,1.4,0.63346,221.295
AMZN,2025-10-01,217.36,222.15,216.61,220.63,43933834,3.27,1.5,219.1875
AMZN,2025-09-30,222.03,222.24,217.89,219.57,48396400,-2.46,-1.11,220.4325
AMZN,2025-09-29,220.08,222.6,219.3,222.17,44259200,2.09,0.94965,221.0375
AMZN,2025-09-26,219.08,221.05,218.02,219.78,41650100,0.7,0.31952,219.4825
AMZN,2025-09-25,220.06,220.67,216.47,218.15,52226328,-1.91,-0.86795,218.8375
AMZN,2025-09-24,224.15,224.56,219.45,220.21,49509033,-3.94,-1.76,222.0925
AMZN,2025-09-23,227.83,227.86,220.07,220.71,70956200,-7.12,-3.13,224.1175
AMZN,2025-09-22,230.56,230.57,227.51,227.63,45914506,-2.93,-1.27,229.0675
AMZN,2025-09-19,232.37,234.16,229.7,231.48,97943200,-0.89,-0.38301,231.9275
AMZN,2025-09-18,232.5,233.48,228.79,231.23,37931738,-1.27,-0.54624,231.5
AMZN,2025-09-17,233.77,234.3,228.71,231.62,42815230,-2.15,-0.91971,232.1
AMZN,2025-09-16,232.94,235.9,232.23,234.05,38203912,1.12,0.47652,233.78
AMZN,2025-09-15,230.63,233.73,230.32,231.43,33243328,0.805,0.34688,231.5275
AMZN,2025-09-12,230.35,230.79,226.29,228.15,38496218,-2.2,-0.95507,228.895
AMZN,2025-09-11,231.49,231.53,229.34,229.95,37485600,-1.54,-0.66526,230.5775
AMZN,2025-09-10,237.52,237.68,229.1,230.33,60907714,-7.18,-3.03,233.6575
AMZN,2025-09-09,236.36,238.85,235.08,238.24,27033800,1.89,0.7954,237.1325
AMZN,2025-09-08,234.94,237.6,233.75,235.84,33947104,0.9,0.38308,235.5325
AMZN,2025-09-05,235.19,236.0,231.93,232.33,36721802,-2.86,-1.22,233.8625
AMZN,2025-09-04,231.19,235.77,230.78,235.68,59391800,4.5,1.94,233.355
AMZN,2025-09-03,225.21,227.17,224.36,225.99,29223134,0.78,0.34634,225.6825
AMZN,2025-09-02,223.52,226.17,221.83,225.34,38843900,1.82,0.81424,224.215
AMZN,2025-08-29,231.32,231.81,228.16,229.0,26199200,-2.32,-1.0,230.0725
AMZN,2025-08-28,229.01,232.71,228.02,231.6,33679600,2.59,1.13,230.335
AMZN,2025-08-27,228.57,229.87,227.81,229.12,21254500,0.55,0.24063,228.8425
AMZN,2025-08-26,227.11,229.0,226.02,228.71,26105400,1.6,0.7045,227.71
AMZN,2025-08-25,227.35,229.6,227.31,227.94,22633700,0.59,0.25951,228.05
AMZN,2025-08-22,222.79,229.14,220.82,228.84,37315341,6.05,2.72,225.3975
AMZN,2025-08-21,222.65,222.78,220.5,221.95,32140500,-0.7,-0.31439,221.97
AMZN,2025-08-20,227.12,227.27,220.92,223.81,36604319,-3.31,-1.46,224.78
AMZN,2025-08-19,230.09,230.53,227.12,228.01,29891012,-2.08,-0.90399,228.9375
AMZN,2025-08-18,230.23,231.91,228.33,231.49,25248900,1.27,0.54728,230.49
AMZN,2025-08-15,232.58,234.08,229.81,231.03,39649244,-1.55,-0.66644,231.875
AMZN,2025-08-14,227.4,233.11,227.02,230.98,61545824,3.58,1.57,229.6275
AMZN,2025-08-13,222.0,224.92,222.0,224.56,36508335,2.56,1.15,223.37
AMZN,2025-08-12,222.23,223.5,219.05,221.47,37254707,-0.76,-0.34199,221.5625
AMZN,2025-08-11,221.78,223.05,220.4,221.3,31646222,-0.48,-0.21643,221.6325
AMZN,2025-08-08,223.14,223.8,221.88,222.69,32970500,-0.45,-0.20167,222.8775
AMZN,2025-08-07,221.0,226.22,220.82,223.13,40603513,2.13,0.9638,222.7925
AMZN,2025-08-06,214.7,222.65,213.74,222.31,54823045,7.62,3.54,218.35
AMZN,2025-08-05,213.05,216.3,212.87,213.75,51505121,0.7,0.32856,213.9925
AMZN,2025-08-04,217.4,217.44,211.42,211.65,77890146,-5.75,-2.64,214.4775
AMZN,2025-08-01,217.21,220.44,212.8,214.75,122258801,-2.46,-1.13,216.3
AMZN,2025-07-31,235.77,236.53,231.4,234.11,104357300,-1.66,-0.70408,234.4525
AMZN,2025-07-30,231.64,231.8,229.29,230.19,32993300,-1.45,-0.62597,230.73
AMZN,2025-07-29,234.15,234.72,230.31,231.01,33716220,-3.14,-1.34,232.5475
AMZN,2025-07-28,233.35,234.29,232.25,232.79,26300138,-0.56,-0.23998,233.17
AMZN,2025-07-25,232.22,232.48,231.18,231.44,28712100,-0.78,-0.33589,231.83
AMZN,2025-07-24,229.17,236.0,228.64,232.23,42902300,3.06,1.34,231.51
AMZN,2025-07-23,228.47,228.79,227.09,228.29,28294900,-0.18,-0.07878496,228.16
AMZN,2025-07-22,229.68,230.0,226.35,227.47,37483702,-2.21,-0.96221,228.375
AMZN,2025-07-21,225.84,229.69,225.65,229.3,40297600,3.47,1.53,227.62
AMZN,2025-07-18,225.14,226.4,222.98,226.13,37833807,0.99,0.43973,225.1625
AMZN,2025-07-17,223.32,224.5,222.51,223.88,31855831,0.56,0.25076,223.5525
AMZN,2025-07-16,225.88,226.1,222.18,223.19,39535926,-2.69,-1.19,224.3375
AMZN,2025-07-15,226.2,227.27,225.46,226.35,34907300,0.15,0.066313,226.32
AMZN,2025-07-14,225.07,226.66,224.24,225.69,35702600,0.62,0.27547,225.415
AMZN,2025-07-11,223.58,226.68,222.37,225.02,50518307,1.44,0.64406,224.4125
AMZN,2025-07-10,221.55,222.79,219.7,222.26,30370600,0.71,0.32047,221.575
AMZN,2025-07-09,221.07,224.29,220.47,222.54,38155121,1.47,0.66495,222.0925
AMZN,2025-07-08,223.92,224.0,218.43,219.36,45692000,-4.55,-2.04,221.4275
AMZN,2025-07-07,223.0,224.29,222.37,223.47,36604139,0.47,0.21076,223.2825
AMZN,2025-07-03,221.82,224.01,221.36,223.41,29632400,1.59,0.7168,222.65
AMZN,2025-07-02,219.73,221.6,219.06,219.92,30894200,0.19,0.08646976,220.0775
AMZN,2025-07-01,219.5,221.88,217.93,220.46,39256830,0.96,0.43736,219.9425
AMZN,2025-06-30,223.52,223.82,219.12,219.39,58887800,-4.13,-1.85,221.4625
AMZN,2025-06-27,219.92,223.3,216.74,223.3,119217138,3.38,1.54,220.815
AMZN,2025-06-26,213.12,218.04,212.01,217.12,50480814,4.0,1.88,215.0725
AMZN,2025-06-25,214.62,216.03,211.11,211.99,31755700,-2.62,-1.23,213.4375
AMZN,2025-06-24,212.14,214.34,211.05,212.77,38378800,0.635,0.29697,212.575
AMZN,2025-06-23,209.79,210.39,207.31,208.47,37311725,-1.32,-0.6292,208.99
AMZN,2025-06-20,214.68,214.89,208.27,209.69,75350733,-4.99,-2.32,211.8825
AMZN,2025-06-18,215.09,217.96,212.34,212.52,44360509,-2.57,-1.19,214.4775
AMZN,2025-06-17,215.2,217.41,214.56,214.82,32086300,-0.375,-0.17658,215.4975
AMZN,2025-06-16,212.31,217.06,211.6,216.1,33284200,3.79,1.79,214.2675
AMZN,2025-06-13,209.96,214.05,209.62,212.1,29337800,2.14,1.02,211.4325
AMZN,2025-06-12,211.78,213.58,211.33,213.24,27640000,1.46,0.68939,212.4825
AMZN,2025-06-11,217.41,218.4,212.89,213.2,39326000,-4.21,-1.94,215.475
AMZN,2025-06-10,216.78,217.69,214.15,217.61,31303317,0.83,0.38288,216.5575
AMZN,2025-06-09,214.75,217.85,212.88,216.98,38102502,2.23,1.04,215.615
AMZN,2025-06-06,212.4,213.87,210.5,213.57,39832500,1.17,0.55085,212.585
AMZN,2025-06-05,209.55,212.81,207.56,207.91,51979243,-1.64,-0.78263,209.4575
AMZN,2025-06-04,206.55,208.18,205.18,207.23,29915600,0.68,0.32922,206.785
AMZN,2025-06-03,207.11,208.95,205.03,205.71,33139121,-1.39,-0.67597,206.7
AMZN,2025-06-02,204.98,207.0,202.68,206.65,29113319,1.67,0.81471,205.3275
AMZN,2025-05-30,204.84,205.99,201.7,205.01,51679406,0.17,0.0829916,204.385
AMZN,2025-05-29,208.03,208.81,204.23,205.7,34700005,-2.33,-1.12,206.6925
AMZN,2025-05-28,205.92,207.66,204.41,204.72,28549800,-1.19,-0.58275,205.6775
AMZN,2025-05-27,203.09,206.69,202.19,206.02,34892044,2.94,1.44,204.4975
AMZN,2025-05-23,198.9,202.37,197.85,200.99,33393545,2.09,1.05,200.0275
AMZN,2025-05-22,201.38,205.76,200.16,203.1,38938900,1.72,0.85411,202.6
AMZN,2025-05-21,201.61,203.46,200.06,201.12,42460924,-0.49,-0.24304,201.5625
AMZN,2025-05-20,204.63,205.59,202.65,204.07,29470400,-0.558,-0.27366,204.235
AMZN,2025-05-19,201.65,206.62,201.26,206.16,34314810,4.51,2.24,203.9225
AMZN,2025-05-16,206.85,206.85,204.37,205.59,43318500,-1.26,-0.60914,205.915
AMZN,2025-05-15,206.45,206.88,202.67,205.17,64347317,-1.28,-0.62,205.2925
AMZN,2025-05-14,211.45,211.93,208.85,210.25,38492128,-1.2,-0.56751,210.62
AMZN,2025-05-13,211.08,214.84,210.1,211.37,56193700,0.29,0.13739,211.8475
AMZN,2025-05-12,210.71,211.66,205.75,208.64,75205042,-2.07,-0.98239,209.19
AMZN,2025-05-09,193.38,194.69,191.16,193.06,29663143,-0.315,-0.16548,193.0725
AMZN,2025-05-08,191.43,194.33,188.82,192.08,41043620,0.65,0.33955,191.665
AMZN,2025-05-07,185.56,190.99,185.01,188.71,44002926,3.15,1.7,187.5675
AMZN,2025-05-06,184.57,187.93,183.85,185.01,29314100,0.44,0.23839,185.34
AMZN,2025-05-05,186.51,188.18,185.53,186.35,35217500,-0.16,-0.08578628,186.6425
AMZN,2025-05-02,191.44,192.88,186.4,189.98,77903500,-1.46,-0.76264,190.175
AMZN,2025-05-01,190.63,191.81,187.5,190.2,74266000,-0.43,-0.22557,190.035
AMZN,2025-04-30,182.17,185.05,178.85,184.42,55176543,2.25,1.24,182.6225
AMZN,2025-04-29,183.99,188.02,183.68,187.39,41667300,3.4,1.85,185.77
AMZN,2025-04-28,190.11,190.22,184.89,187.7,33224732,-2.41,-1.27,188.23
AMZN,2025-04-25,187.62,189.94,185.49,188.99,36414330,1.37,0.7302,188.01
AMZN,2025-04-24,180.92,186.74,180.18,186.54,43763200,5.63,3.11,183.595
AMZN,2025-04-23,183.45,187.38,180.19,180.6,63470149,-2.85,-1.55,182.905
AMZN,2025-04-22,169.85,176.78,169.35,173.18,56607202,3.34,1.96,172.29
AMZN,2025-04-21,169.6,169.6,165.29,167.32,48126111,-2.28,-1.34,167.9525
AMZN,2025-04-17,176.0,176.21,172.0,172.61,44726453,-3.39,-1.93,174.205
AMZN,2025-04-16,176.29,179.1,171.41,174.33,51875316,-1.96,-1.11,175.2825
AMZN,2025-04-15,181.41,182.35,177.93,179.59,43642000,-1.82,-1.0,180.32
AMZN,2025-04-14,186.84,187.44,179.23,182.12,48002540,-4.72,-2.53,183.9075
AMZN,2025-04-11,179.93,185.86,178.0,184.87,50594339,4.94,2.75,182.165
AMZN,2025-04-10,185.44,186.87,175.85,181.22,68302045,-4.22,-2.28,182.345
AMZN,2025-04-09,172.12,192.65,169.93,191.1,116804328,18.98,11.03,181.45
AMZN,2025-04-08,185.23,185.9,168.57,170.66,87710400,-14.57,-7.87,177.59
AMZN,2025-04-07,162.0,183.41,161.38,175.26,109327115,13.26,8.19,170.5125
AMZN,2025-04-04,167.15,178.14,166.0,171.0,123159400,3.85,2.3,170.5725
AMZN,2025-04-03,183.0,184.13,176.92,178.41,95553617,-4.59,-2.51,180.615
AMZN,2025-04-02,187.66,198.34,187.66,196.01,53679200,8.35,4.45,192.4175
AMZN,2025-04-01,187.86,193.93,187.2,192.17,41267315,4.31,2.29,190.29
AMZN,2025-03-31,188.19,191.33,184.4,190.26,63547600,2.07,1.1,188.545
AMZN,2025-03-28,198.42,199.26,191.88,192.72,52548226,-5.7,-2.87,195.57
AMZN,2025-03-27,200.89,203.79,199.28,201.36,27317700,0.47,0.23396,201.33
AMZN,2025-03-26,205.84,206.01,199.93,201.13,32991000,-4.71,-2.29,203.2275
AMZN,2025-03-25,203.6,206.21,203.22,205.71,31171200,2.12,1.04,204.685
AMZN,2025-03-24,200.0,203.64,199.95,203.26,41625400,3.26,1.63,201.7125
AMZN,2025-03-21,192.9,196.99,192.52,196.21,60056917,3.31,1.72,194.655
AMZN,2025-03-20,193.07,199.32,192.3,194.95,38921113,1.88,0.97374,194.91
AMZN,2025-03-19,193.38,195.97,191.96,195.54,39442900,2.16,1.12,194.2125
AMZN,2025-03-18,192.52,194.0,189.38,192.82,40414900,0.3,0.15583,192.18
AMZN,2025-03-17,198.77,199.0,194.32,195.74,47341800,-3.03,-1.52,196.9575
AMZN,2025-03-14,197.41,198.65,195.32,197.95,38096700,0.54,0.27354,197.3325
AMZN,2025-03-13,198.17,198.88,191.82,193.89,41270800,-4.28,-2.16,195.69
AMZN,2025-03-12,200.72,201.52,195.29,198.89,43679300,-1.83,-0.91172,199.105
AMZN,2025-03-11,193.9,200.18,193.4,196.59,54002900,2.69,1.39,196.0175
AMZN,2025-03-10,195.6,196.73,190.85,194.54,62350926,-1.06,-0.54192,194.43
AMZN,2025-03-07,199.49,202.27,192.53,199.25,59802821,-0.24,-0.12031,198.385
AMZN,2025-03-06,204.4,205.77,198.3,200.7,49863800,-3.7,-1.81,202.2925
AMZN,2025-03-05,204.8,209.98,203.26,208.36,38610100,3.56,1.74,206.6
AMZN,2025-03-04,200.11,206.8,197.43,203.8,60853100,3.69,1.84,202.035
AMZN,2025-03-03,213.35,214.01,202.55,205.02,42948447,-8.33,-3.9,208.7325
AMZN,2025-02-28,208.65,212.62,206.99,212.28,51771737,3.63,1.74,210.135
AMZN,2025-02-27,218.35,219.97,208.37,208.74,40548600,-9.61,-4.4,213.8575
AMZN,2025-02-26,214.94,218.16,213.09,214.35,39120603,-0.59,-0.2745,215.135
AMZN,2025-02-25,211.63,213.34,204.16,212.8,58958000,1.17,0.55285,210.4825
AMZN,2025-02-24,217.45,217.72,212.42,212.71,42387600,-4.74,-2.18,215.075
AMZN,2025-02-21,223.28,223.31,214.74,216.58,55323900,-6.7,-3.0,219.4775
AMZN,2025-02-20,224.78,225.13,221.81,222.88,30001700,-1.9,-0.84527,223.65
AMZN,2025-02-19,225.52,226.83,223.71,226.63,28566709,1.11,0.4922,225.6725
AMZN,2025-02-18,228.82,229.3,223.72,226.65,42975133,-2.17,-0.94834,227.1225
AMZN,2025-02-14,229.2,229.89,227.23,228.68,27031100,-0.52,-0.22688,228.75
AMZN,2025-02-13,228.85,230.42,227.52,230.37,31346512,1.52,0.66419,229.29
AMZN,2025-02-12,230.46,231.18,228.16,228.93,32285249,-1.53,-0.66389,229.6825
AMZN,2025-02-11,231.92,233.44,230.13,232.76,23713726,0.84,0.36219,232.0625
AMZN,2025-02-10,230.55,233.92,229.2,233.14,35419926,2.59,1.12,231.7025
AMZN,2025-02-07,232.5,234.81,228.06,229.15,78075433,-3.35,-1.44,231.13
AMZN,2025-02-06,238.01,239.66,236.01,238.83,60897100,0.82,0.34452,238.1275
AMZN,2025-02-05,237.02,238.32,235.2,236.17,38832042,-0.85,-0.35862,236.6775
AMZN,2025-02-04,239.01,242.52,238.03,242.06,29713812,3.05,1.28,240.405
AMZN,2025-02-03,234.06,239.25,232.9,237.42,37285900,3.36,1.44,235.9075
AMZN,2025-01-31,236.5,240.29,236.41,237.68,36162400,1.18,0.49894,237.72
AMZN,2025-01-30,237.14,237.95,232.22,234.64,32020728,-2.5,-1.05,235.4875
AMZN,2025-01-29,239.02,240.39,236.15,237.07,26091716,-1.94,-0.81583,238.1575
AMZN,2025-01-28,234.29,241.77,233.98,238.15,41587200,3.86,1.65,237.0475
AMZN,2025-01-27,226.21,235.61,225.86,235.42,49428332,9.21,4.07,230.775
AMZN,2025-01-24,234.5,236.4,232.93,234.85,25890738,0.35,0.14925,234.67
AMZN,2025-01-23,234.1,235.52,231.51,235.42,26404400,1.32,0.56386,234.1375
AMZN,2025-01-22,232.02,235.44,231.19,235.01,41448217,2.99,1.29,233.415
AMZN,2025-01-21,228.9,231.78,226.94,230.71,39951500,1.81,0.79074,229.5825
AMZN,2025-01-17,225.84,226.51,223.08,225.94,42370123,0.1,0.04427914,225.3425
AMZN,2025-01-16,224.42,224.65,220.31,220.66,24757300,-3.76,-1.68,222.51
AMZN,2025-01-15,222.83,223.57,220.75,223.35,31291300,0.52,0.23336,222.625
AMZN,2025-01-14,220.44,221.82,216.2,217.76,24711700,-2.68,-1.22,219.055
AMZN,2025-01-13,218.06,219.4,216.47,218.46,27262700,0.4,0.18344,218.0975
AMZN,2025-01-10,221.46,221.71,216.5,218.94,36811525,-2.52,-1.14,219.6525
AMZN,2025-01-08,223.19,223.52,220.2,222.13,25033300,-1.06,-0.47493,222.26
AMZN,2025-01-07,227.9,228.38,221.46,222.11,28084200,-5.79,-2.54,224.9625
AMZN,2025-01-06,226.78,228.84,224.84,227.61,31849831,0.83,0.36599,227.0175
AMZN,2025-01-03,222.51,225.36,221.62,224.19,27515606,1.69,0.75502,223.42
AMZN,2025-01-02,222.03,225.15,218.19,220.22,33956600,-1.81,-0.81521,221.3975
AMZN,2024-12-31,222.97,223.23,218.94,219.39,24819700,-3.58,-1.61,221.1325
AMZN,2024-12-30,220.06,223.0,218.43,221.3,28321240,1.24,0.56348,220.6975
AMZN,2024-12-27,225.6,226.03,220.9,223.75,27367147,-1.85,-0.82004,224.07
AMZN,2024-12-26,228.5,228.5,226.67,227.05,16174500,-1.45,-0.63457,227.68
AMZN,2024-12-24,226.94,229.14,226.13,229.05,15007500,2.11,0.92976,227.815
AMZN,2024-12-23,225.01,226.88,223.9,225.06,28070007,0.05,0.02222123,225.2125
AMZN,2024-12-20,219.84,226.21,218.73,224.92,88279200,5.08,2.31,222.425
AMZN,2024-12-19,224.91,226.09,222.92,223.29,39918739,-1.62,-0.72029,224.3025
AMZN,2024-12-18,230.77,231.4,220.11,220.52,43281443,-10.25,-4.44,225.7
AMZN,2024-12-17,232.39,232.73,227.85,231.15,35948131,-1.24,-0.53359,231.03
AMZN,2024-12-16,230.23,233.0,228.01,232.93,37552100,2.7,1.17,231.0425
AMZN,2024-12-13,228.4,230.2,225.86,227.46,28768100,-0.94,-0.41156,227.98
AMZN,2024-12-12,229.83,231.09,227.63,228.97,28204100,-0.86,-0.37419,229.38
AMZN,2024-12-11,226.41,231.2,226.26,230.26,35385800,3.85,1.7,228.5325
AMZN,2024-12-10,226.09,229.06,224.2,225.04,31199900,-1.05,-0.46442,226.0975
AMZN,2024-12-09,227.21,230.08,225.67,226.09,46819400,-1.12,-0.49294,227.2625
AMZN,2024-12-06,220.75,227.15,220.6,227.03,44178100,6.28,2.84,223.8825
AMZN,2024-12-05,218.03,222.15,217.3,220.55,41140220,2.52,1.16,219.5075
AMZN,2024-12-04,215.96,220.0,215.75,218.16,48745716,2.2,1.02,217.4675
AMZN,2024-12-03,210.31,214.02,209.65,213.44,32214828,3.13,1.49,211.855
AMZN,2024-12-02,209.96,212.99,209.51,210.71,39523200,0.75,0.35721,210.7925
AMZN,2024-11-29,205.83,208.2,204.59,207.89,24892447,2.06,1.0,206.6275
AMZN,2024-11-27,206.98,207.64,205.05,205.74,28061638,-1.24,-0.59909,206.3525
AMZN,2024-11-26,201.9,208.0,201.79,207.86,41673737,5.96,2.95,204.8875
AMZN,2024-11-25,199.28,201.95,199.0,201.45,40685700,2.17,1.09,200.42
AMZN,2024-11-22,198.25,199.26,196.75,197.12,31530844,-1.13,-0.56999,197.845
AMZN,2024-11-21,203.49,203.49,195.75,198.38,58800042,-5.11,-2.51,200.2775
AMZN,2024-11-20,202.98,203.13,199.45,202.88,32769000,-0.1,-0.04926594,202.11
AMZN,2024-11-19,199.33,205.3,198.78,204.61,31197900,5.28,2.65,202.005
AMZN,2024-11-18,204.15,204.67,200.95,201.7,36512500,-2.45,-1.2,202.8675
AMZN,2024-11-15,206.76,207.34,199.61,202.61,86591144,-4.15,-2.01,204.08
AMZN,2024-11-14,214.16,215.9,210.88,211.48,42620309,-2.68,-1.25,213.105
AMZN,2024-11-13,209.4,215.09,209.14,214.1,46212943,4.7,2.24,211.9325
AMZN,2024-11-12,208.37,209.54,206.01,208.91,38942918,0.54,0.25915,208.2075
AMZN,2024-11-11,208.5,209.65,205.59,206.84,35456012,-1.66,-0.79616,207.645
AMZN,2024-11-08,209.72,209.96,207.44,208.18,36075846,-1.54,-0.73431,208.825
AMZN,2024-11-07,207.44,212.25,207.19,210.05,52878400,2.61,1.26,209.2325
AMZN,2024-11-06,200.01,207.55,199.14,207.09,72292200,7.08,3.54,203.4475
AMZN,2024-11-05,196.04,199.82,195.99,199.5,30564800,3.46,1.76,197.8375
AMZN,2024-11-04,196.45,197.33,194.31,195.78,38492100,-0.67,-0.34105,195.9675
AMZN,2024-11-01,199.0,200.5,197.02,197.93,99687847,-1.07,-0.53769,198.6125
AMZN,2024-10-31,190.51,190.6,185.23,186.4,75146800,-4.11,-2.16,188.185
AMZN,2024-10-30,194.7,195.61,192.42,192.73,37707600,-1.97,-1.01,193.865
AMZN,2024-10-29,188.58,191.46,187.82,190.83,35690200,2.25,1.19,189.6725
AMZN,2024-10-28,189.57,190.21,188.21,188.39,27930836,-1.18,-0.62246,189.095
AMZN,2024-10-25,187.85,190.45,187.53,187.83,29362100,-0.02,-0.01064679,188.415
AMZN,2024-10-24,185.25,187.11,183.86,186.38,21647400,1.13,0.60999,185.65
AMZN,2024-10-23,188.85,189.16,183.69,184.71,31937100,-4.14,-2.19,186.6025
AMZN,2024-10-22,188.35,191.52,186.98,189.7,29650600,1.35,0.71675,189.1375
AMZN,2024-10-21,188.05,189.46,186.4,189.07,24639400,1.02,0.54241,188.245
AMZN,2024-10-18,187.15,190.74,186.28,188.99,37417700,1.84,0.98317,188.29
AMZN,2024-10-17,188.22,188.94,186.0,187.53,25039414,-0.69,-0.36659,187.6725
AMZN,2024-10-16,187.05,187.78,185.61,186.89,23456812,-0.16,-0.08553863,186.8325
AMZN,2024-10-15,187.63,188.41,184.58,187.69,32178925,0.06,0.03197783,187.0775
AMZN,2024-10-14,189.78,189.83,187.36,187.54,22614407,-2.24,-1.18,188.6275
AMZN,2024-10-11,186.63,189.93,186.3,188.82,25751600,2.19,1.17,187.92
AMZN,2024-10-10,187.13,188.13,185.83,186.65,27785043,-0.48,-0.25651,186.935
AMZN,2024-10-09,182.82,185.85,182.05,185.17,26343117,2.35,1.29,183.9725
AMZN,2024-10-08,181.92,183.09,180.92,182.72,26372100,0.805,0.43975,182.1625
AMZN,2024-10-07,182.95,183.6,180.25,180.8,42364201,-2.15,-1.18,181.9
AMZN,2024-10-04,185.75,187.6,183.6,186.51,41079011,0.76,0.40915,185.865
AMZN,2024-10-03,183.05,183.44,180.88,181.96,30204302,-1.08,-0.59547,182.3325
AMZN,2024-10-02,184.44,186.6,184.04,184.76,23704100,0.32,0.1735,184.96
AMZN,2024-10-01,184.9,186.19,183.45,185.13,36044906,0.23,0.12439,184.9175
AMZN,2024-09-30,187.14,188.49,184.65,186.33,41680400,-0.81,-0.43283,186.6525
AMZN,2024-09-27,190.68,190.9,187.34,187.97,36002316,-2.71,-1.42,189.2225
AMZN,2024-09-26,194.31,194.53,189.54,191.16,36334900,-3.15,-1.62,192.385
AMZN,2024-09-25,193.75,193.95,192.16,192.53,26391144,-1.22,-0.62968,193.0975
AMZN,2024-09-24,194.27,195.37,190.13,193.96,43478926,-0.31,-0.15957,193.4325
GOOGL,2025-10-06,244.78,251.32,244.58,250.43,28894700,5.65,2.31,247.7775
GOOGL,2025-10-03,244.49,246.3,241.66,245.35,30249600,0.86,0.35175,244.45
GOOGL,2025-10-02,245.15,246.81,242.3,245.69,25483300,0.54,0.22027,244.9875
GOOGL,2025-10-01,240.75,246.3,238.61,244.9,31658234,4.15,1.72,242.64
GOOGL,2025-09-30,242.81,243.29,239.25,243.1,34724346,0.29,0.11943,242.1125
GOOGL,2025-09-29,247.85,251.15,242.77,244.05,32505800,-3.8,-1.53,246.455
GOOGL,2025-09-26,247.07,249.42,245.97,246.54,18503200,-0.525,-0.21451,247.25
GOOGL,2025-09-25,244.4,246.49,240.74,245.79,31020400,1.39,0.56874,244.355
GOOGL,2025-09-24,251.66,252.35,246.44,247.14,28201003,-4.52,-1.8,249.3975
GOOGL,2025-09-23,253.04,254.36,250.48,251.66,26628016,-1.38,-0.54537,252.385
GOOGL,2025-09-22,254.43,255.78,250.3,252.53,32290538,-1.9,-0.74677,253.26
GOOGL,2025-09-19,253.25,256.0,251.81,254.72,55571424,1.47,0.58045,253.945
GOOGL,2025-09-18,251.68,253.99,249.8,252.03,31239500,0.35,0.13907,251.875
GOOGL,2025-09-17,251.22,251.6,246.28,249.53,34108000,-1.69,-0.67272,249.6575
GOOGL,2025-09-16,252.08,253.04,249.47,251.16,34109720,-0.92,-0.36496,251.4375
GOOGL,2025-09-15,244.66,252.41,244.66,251.61,58383800,6.95,2.84,248.335
GOOGL,2025-09-12,240.37,242.08,238.0,240.8,26771610,0.43,0.17889,240.3125
GOOGL,2025-09-11,239.88,242.25,236.25,240.37,30599328,0.49,0.20427,239.6875
GOOGL,2025-09-10,238.9,241.66,237.85,239.17,35141100,0.27,0.11302,239.395
GOOGL,2025-09-09,234.17,240.47,233.23,239.63,38061000,5.47,2.33,236.875
GOOGL,2025-09-08,235.47,238.13,233.67,234.04,32474743,-1.43,-0.6073,235.3275
GOOGL,2025-09-05,232.2,235.76,231.9,235.0,46588925,2.8,1.21,233.715
GOOGL,2025-09-04,229.65,232.37,226.11,232.3,51684200,2.65,1.15,230.1075
GOOGL,2025-09-03,226.21,231.31,224.79,230.66,103336125,4.45,1.97,228.2425
GOOGL,2025-09-02,208.44,211.68,206.2,211.35,47523037,2.91,1.4,209.4175
GOOGL,2025-08-29,210.51,214.65,210.2,212.91,39728400,2.4,1.14,212.0675
GOOGL,2025-08-28,207.25,212.22,206.9,211.64,32339307,4.39,2.12,209.5025
GOOGL,2025-08-27,205.7,208.91,205.65,207.48,23022900,1.78,0.86534,206.935
GOOGL,2025-08-26,207.51,207.85,205.7,207.14,28464130,-0.37,-0.1783,207.05
GOOGL,2025-08-25,206.43,210.52,205.28,208.49,29928900,2.06,0.99792,207.68
GOOGL,2025-08-22,202.73,208.54,201.3,206.09,42827040,3.36,1.66,204.665
GOOGL,2025-08-21,199.75,202.48,199.43,199.75,19774633,0.005,0.0,200.3525
GOOGL,2025-08-20,200.73,201.28,196.6,199.32,28955500,-1.41,-0.70244,199.4825
GOOGL,2025-08-19,203.03,203.44,199.96,201.57,24240233,-1.46,-0.71911,202.0
GOOGL,2025-08-18,204.2,205.27,202.49,203.5,18526600,-0.7,-0.3428,203.865
GOOGL,2025-08-15,203.85,206.44,201.28,203.9,34931422,0.05,0.02452784,203.8675
GOOGL,2025-08-14,201.5,204.44,201.23,202.94,25230427,1.44,0.71464,202.5275
GOOGL,2025-08-13,204.13,204.53,197.51,201.96,28342922,-2.17,-1.06,202.0325
GOOGL,2025-08-12,201.37,204.5,200.59,203.34,30424452,1.97,0.9783,202.45
GOOGL,2025-08-11,200.94,201.48,199.07,201.0,25832435,0.065,0.02985966,200.6225
GOOGL,2025-08-08,197.22,202.61,197.17,201.42,39161826,4.2,2.13,199.605
GOOGL,2025-08-07,197.06,197.54,194.33,196.52,26321811,-0.54,-0.27403,196.3625
GOOGL,2025-08-06,194.5,196.63,193.67,196.09,21562908,1.59,0.81748,195.2225
GOOGL,2025-08-05,194.71,197.86,193.89,194.67,31602340,-0.04,-0.02054337,195.2825
GOOGL,2025-08-04,190.29,195.27,190.12,195.04,31547400,4.75,2.5,192.68
GOOGL,2025-08-01,189.03,190.83,187.82,189.13,34832200,0.105,0.05290166,189.2025
GOOGL,2025-07-31,195.71,195.99,191.09,191.9,51329200,-3.81,-1.95,193.6725
GOOGL,2025-07-30,195.6,197.6,194.69,196.53,32445405,0.93,0.47546,196.105
GOOGL,2025-07-29,192.43,195.92,192.08,195.75,41389200,3.32,1.73,194.045
GOOGL,2025-07-28,193.65,194.05,190.84,192.58,38139504,-1.07,-0.55254,192.78
GOOGL,2025-07-25,191.98,194.33,191.26,193.18,39785900,1.2,0.62507,192.6875
GOOGL,2025-07-24,197.03,197.95,191.0,192.17,74881700,-4.86,-2.47,194.5375
GOOGL,2025-07-23,191.5,192.53,189.18,190.23,58681948,-1.27,-0.66319,190.86
GOOGL,2025-07-22,191.5,191.65,187.46,191.34,44660215,-0.155,-0.08355091,190.4875
GOOGL,2025-07-21,186.25,190.29,186.15,190.1,45803129,3.85,2.07,188.1975
GOOGL,2025-07-18,185.4,186.42,183.71,185.06,34014509,-0.34,-0.18339,185.1475
GOOGL,2025-07-17,182.14,184.06,180.48,183.58,31992600,1.44,0.7906,182.565
GOOGL,2025-07-16,183.24,184.33,182.03,182.97,33104200,-0.265,-0.14735,183.1425
GOOGL,2025-07-15,182.81,184.22,181.6,182.0,33448300,-0.81,-0.44308,182.6575
GOOGL,2025-07-14,181.01,183.67,179.68,181.56,32536632,0.55,0.30385,181.48
GOOGL,2025-07-11,176.79,181.43,176.48,180.19,34282922,3.41,1.92,178.7225
GOOGL,2025-07-10,175.63,178.43,174.38,177.62,29252400,1.99,1.13,176.515
GOOGL,2025-07-09,175.25,179.44,172.77,176.62,43025600,1.37,0.78174,176.02
GOOGL,2025-07-08,177.85,177.95,172.81,174.36,40442535,-3.49,-1.96,175.7425
GOOGL,2025-07-07,179.06,179.3,175.68,176.79,34175648,-2.27,-1.27,177.7075
GOOGL,2025-07-03,178.5,179.67,177.05,179.53,21689729,1.03,0.57703,178.6875
GOOGL,2025-07-02,175.54,178.86,175.07,178.64,29128947,3.1,1.77,177.0275
GOOGL,2025-07-01,175.74,176.09,173.53,175.84,35904526,0.105,0.05690224,175.3
GOOGL,2025-06-30,180.78,181.23,174.58,176.23,63378900,-4.55,-2.52,178.205
GOOGL,2025-06-27,173.54,178.68,171.73,178.53,108140200,4.99,2.88,175.62
GOOGL,2025-06-26,172.43,173.69,169.94,173.54,31796700,1.11,0.64374,172.4
GOOGL,2025-06-25,167.63,172.36,167.55,170.68,35479000,3.05,1.82,169.555
GOOGL,2025-06-24,166.92,168.22,166.13,166.77,40524312,-0.15,-0.08986341,167.01
GOOGL,2025-06-23,166.27,167.34,162.0,165.19,57671000,-1.08,-0.64955,165.2
GOOGL,2025-06-20,173.95,174.34,165.46,166.64,75659917,-7.31,-4.2,170.0975
GOOGL,2025-06-18,176.01,176.56,173.2,173.32,28707524,-2.69,-1.53,174.7725
GOOGL,2025-06-17,175.7,177.36,174.58,175.95,24973043,0.25,0.14229,175.8975
GOOGL,2025-06-16,174.73,176.94,174.65,176.77,27389208,2.04,1.17,175.7725
GOOGL,2025-06-13,172.44,177.13,172.39,174.67,27663107,2.23,1.29,174.1575
GOOGL,2025-06-12,176.18,176.72,174.75,175.7,20941900,-0.48,-0.27245,175.8375
GOOGL,2025-06-11,179.77,180.37,176.75,177.35,31646800,-2.42,-1.35,178.56
GOOGL,2025-06-10,176.2,181.11,174.91,178.6,61766121,2.4,1.36,177.705
GOOGL,2025-06-09,174.54,176.47,174.37,176.09,28935906,1.55,0.88805,175.3675
GOOGL,2025-06-06,170.83,174.5,170.83,173.68,35731832,2.85,1.67,172.46
GOOGL,2025-06-05,170.34,170.93,167.59,168.21,36444564,-2.13,-1.25,169.2675
GOOGL,2025-06-04,166.74,168.22,166.36,168.05,26900838,1.31,0.78565,167.3425
GOOGL,2025-06-03,167.49,168.48,165.28,166.18,45084903,-1.31,-0.78214,166.8575
GOOGL,2025-06-02,167.84,169.87,167.39,169.03,38612300,1.19,0.70901,168.5325
GOOGL,2025-05-30,171.35,172.21,167.44,171.74,52639911,0.39,0.2276,170.685
GOOGL,2025-05-29,174.0,174.42,170.63,171.86,29373803,-2.14,-1.23,172.7275
GOOGL,2025-05-28,173.16,175.27,171.91,172.36,34784000,-0.8,-0.462,173.175
GOOGL,2025-05-27,170.16,173.17,170.0,172.9,37995700,2.74,1.61,171.5575
GOOGL,2025-05-23,169.06,169.96,167.89,168.47,35211439,-0.585,-0.34899,168.845
GOOGL,2025-05-22,171.85,176.77,170.71,170.87,74864418,-0.98,-0.57026,172.55
GOOGL,2025-05-21,163.69,173.14,163.56,168.56,73416000,4.87,2.98,167.2375
GOOGL,2025-05-20,166.43,168.5,162.9,163.98,46607700,-2.45,-1.47,165.4525
GOOGL,2025-05-19,164.51,166.64,164.22,166.54,30426100,2.03,1.23,165.4775
GOOGL,2025-05-16,167.73,169.35,165.62,166.19,42846925,-1.53,-0.91814,167.2225
GOOGL,2025-05-15,165.84,166.21,162.37,163.96,33146700,-1.88,-1.13,164.595
GOOGL,2025-05-14,159.96,167.0,159.61,165.37,48755900,5.41,3.38,162.985
GOOGL,2025-05-13,158.79,160.57,156.16,159.53,42382126,0.74,0.46602,158.7625
GOOGL,2025-05-12,157.49,159.1,156.25,158.46,44138818,0.975,0.61591,157.825
GOOGL,2025-05-09,154.17,155.05,152.2,152.75,32435300,-1.42,-0.92106,153.5425
GOOGL,2025-05-08,155.0,155.93,152.9,154.28,57498700,-0.72,-0.46452,154.5275
GOOGL,2025-05-07,164.08,165.0,147.84,151.38,127747554,-12.7,-7.74,157.075
GOOGL,2025-05-06,162.17,164.8,161.19,163.23,21277210,1.06,0.65364,162.8475
GOOGL,2025-05-05,163.0,165.39,162.72,164.21,21341814,1.21,0.74233,163.83
GOOGL,2025-05-02,163.41,164.97,161.87,164.03,25715005,0.625,0.37941,163.57
GOOGL,2025-05-01,160.45,161.95,158.91,161.3,30203248,0.85,0.52976,160.6525
GOOGL,2025-04-30,157.98,159.27,155.4,158.8,34981100,0.825,0.51905,157.8625
GOOGL,2025-04-29,160.32,160.74,157.52,160.16,26809000,-0.165,-0.0998004,159.685
GOOGL,2025-04-28,162.43,163.15,158.6,160.61,29745800,-1.81,-1.12,161.1975
GOOGL,2025-04-25,165.07,166.1,161.04,161.96,56034000,-3.11,-1.88,163.5425
GOOGL,2025-04-24,156.15,159.59,155.79,159.28,45894000,3.13,2.0,157.7025
GOOGL,2025-04-23,155.61,157.53,153.81,155.35,31128833,-0.26,-0.16708,155.575
GOOGL,2025-04-22,148.89,152.19,148.54,151.47,26971800,2.58,1.73,150.2725
GOOGL,2025-04-21,148.88,148.95,146.1,147.67,26049115,-1.21,-0.81274,147.9
GOOGL,2025-04-17,154.29,154.68,148.5,151.16,33046600,-3.13,-2.03,152.1575
GOOGL,2025-04-16,153.1,155.89,151.51,153.33,28187421,0.23,0.15023,153.4575
GOOGL,2025-04-15,159.13,159.65,155.21,156.31,27551534,-2.81,-1.77,157.575
GOOGL,2025-04-14,160.0,161.72,157.56,159.07,30333000,-0.925,-0.58125,159.5875
GOOGL,2025-04-11,152.9,157.67,152.82,157.14,33636239,4.24,2.77,155.1325
GOOGL,2025-04-10,156.54,157.72,149.93,152.82,48022000,-3.72,-2.38,154.2525
GOOGL,2025-04-09,144.42,159.55,143.91,158.71,70406232,14.3,9.89,151.6475
GOOGL,2025-04-08,151.22,152.24,143.03,144.7,52200208,-6.52,-4.31,147.7975
GOOGL,2025-04-07,141.55,152.85,140.53,146.75,76794136,5.2,3.67,145.42
GOOGL,2025-04-04,148.01,151.07,145.38,145.6,62259539,-2.41,-1.63,147.515
GOOGL,2025-04-03,151.11,152.78,150.39,150.72,46883400,-0.39,-0.25809,151.25
GOOGL,2025-04-02,155.15,158.41,154.7,157.04,25041730,1.89,1.22,156.325
GOOGL,2025-04-01,153.62,158.1,153.62,157.07,30672900,3.45,2.25,155.6025
GOOGL,2025-03-31,153.11,155.54,150.66,154.64,54603500,1.53,0.99928,153.4875
GOOGL,2025-03-28,160.49,161.82,153.63,154.33,48669335,-6.16,-3.84,157.5675
GOOGL,2025-03-27,164.63,165.42,162.0,162.24,24508300,-2.39,-1.45,163.5725
GOOGL,2025-03-26,169.0,169.61,164.84,165.06,28939326,-3.94,-2.33,167.1275
GOOGL,2025-03-25,168.98,170.63,168.32,170.56,24174400,1.58,0.93502,169.6225
GOOGL,2025-03-24,167.07,168.32,165.14,167.68,30879129,0.615,0.36512,167.0525
GOOGL,2025-03-21,161.21,164.24,160.89,163.99,36625800,2.78,1.72,162.5825
GOOGL,2025-03-20,161.57,164.89,160.96,162.8,28138500,1.23,0.76128,162.555
GOOGL,2025-03-19,161.76,165.87,161.0,163.89,34275600,2.13,1.32,163.13
GOOGL,2025-03-18,163.68,164.25,156.72,160.67,42074800,-3.01,-1.84,161.33
GOOGL,2025-03-17,165.03,166.3,163.67,164.29,31184335,-0.74,-0.4484,164.8225
GOOGL,2025-03-14,163.27,166.49,162.45,165.49,31995900,2.22,1.36,164.425
GOOGL,2025-03-13,166.04,166.13,162.11,162.76,31756214,-3.28,-1.98,164.26
GOOGL,2025-03-12,166.58,167.64,163.53,167.11,28372400,0.53,0.31817,166.215
GOOGL,2025-03-11,164.91,166.75,161.37,164.04,39587414,-0.87,-0.52756,164.2675
GOOGL,2025-03-10,168.26,168.46,163.69,165.87,43604027,-2.39,-1.42,166.57
GOOGL,2025-03-07,171.26,174.97,170.27,173.86,27385813,2.6,1.52,172.59
GOOGL,2025-03-06,170.53,174.81,170.5,172.35,28302000,1.82,1.07,172.0475
GOOGL,2025-03-05,170.52,173.78,169.06,173.02,30954922,2.5,1.47,171.595
GOOGL,2025-03-04,166.24,173.29,165.8,170.92,45388000,4.68,2.82,169.0625
GOOGL,2025-03-03,171.93,173.37,165.93,167.01,40770500,-4.92,-2.86,169.56
GOOGL,2025-02-28,168.68,170.61,166.77,170.28,48130600,1.6,0.94854,169.085
GOOGL,2025-02-27,173.99,174.56,167.94,168.5,39991015,-5.49,-3.16,171.2475
GOOGL,2025-02-26,175.07,176.08,171.58,172.73,35431300,-2.34,-1.34,173.865
GOOGL,2025-02-25,178.04,178.74,174.69,175.42,41913411,-2.62,-1.47,176.7225
GOOGL,2025-02-24,181.99,183.12,178.89,179.25,29854206,-2.74,-1.51,180.8125
GOOGL,2025-02-21,185.15,185.34,179.08,179.66,35199239,-5.49,-2.97,182.3075
GOOGL,2025-02-20,184.8,185.31,182.72,184.56,20441500,-0.24,-0.12987,184.3475
GOOGL,2025-02-19,184.07,185.46,183.59,185.27,19549400,1.2,0.65193,184.5975
GOOGL,2025-02-18,185.6,185.96,181.74,183.77,29916700,-1.83,-0.98599,184.2675
GOOGL,2025-02-14,185.06,186.4,184.32,185.23,20448437,0.175,0.0918621,185.2525
GOOGL,2025-02-13,184.32,186.28,183.14,186.14,21402523,1.82,0.98741,184.97
GOOGL,2025-02-12,183.22,185.11,181.83,183.61,22072600,0.39,0.21286,183.4425
GOOGL,2025-02-11,185.03,186.94,184.28,185.32,21239519,0.29,0.15673,185.3925
GOOGL,2025-02-10,187.35,188.2,185.86,186.47,23105649,-0.88,-0.46971,186.97
GOOGL,2025-02-07,191.05,191.18,183.24,185.34,49315000,-5.71,-2.99,187.7025
GOOGL,2025-02-06,189.5,192.1,188.72,191.6,29297442,2.1,1.11,190.48
GOOGL,2025-02-05,191.07,192.75,188.03,191.33,70461770,0.26,0.13608,190.795
GOOGL,2025-02-04,203.39,207.05,202.81,206.38,43856425,2.99,1.47,204.9075
GOOGL,2025-02-03,200.69,203.75,200.1,201.23,27838348,0.54,0.26907,201.4425
GOOGL,2025-01-31,202.0,205.48,201.8,204.02,32041952,2.02,1.0,203.325
GOOGL,2025-01-30,198.0,201.4,197.67,200.87,24354700,2.87,1.45,199.485
GOOGL,2025-01-29,195.56,196.79,193.43,195.41,18218300,-0.145,-0.0767028,195.2975
GOOGL,2025-01-28,192.75,195.48,190.68,195.3,24157929,2.56,1.32,193.5525
GOOGL,2025-01-27,192.41,196.88,190.73,191.81,41728900,-0.6,-0.31183,192.9575
GOOGL,2025-01-24,198.1,200.9,198.0,200.21,23877521,2.11,1.07,199.3025
GOOGL,2025-01-23,198.14,200.3,195.2,197.98,26951400,-0.16,-0.08075098,197.905
GOOGL,2025-01-22,199.06,200.48,197.53,198.37,26200617,-0.69,-0.34663,198.86
GOOGL,2025-01-21,199.07,202.29,197.87,198.05,29971300,-1.02,-0.51238,199.32
GOOGL,2025-01-17,196.53,197.23,193.75,196.0,27735100,-0.53,-0.26968,195.8775
GOOGL,2025-01-16,194.14,195.48,192.81,192.91,17815432,-1.23,-0.63356,193.835
GOOGL,2025-01-15,193.09,196.36,191.86,195.55,21776000,2.46,1.27,194.215
GOOGL,2025-01-14,191.24,191.98,188.31,189.66,17174900,-1.58,-0.82619,190.2975
GOOGL,2025-01-13,190.07,191.18,187.36,191.01,21823700,0.94,0.49455,189.905
GOOGL,2025-01-10,194.3,196.52,190.31,192.04,26665206,-2.25,-1.16,193.2925
GOOGL,2025-01-08,192.57,196.29,192.38,193.95,24864800,1.38,0.71662,193.7975
GOOGL,2025-01-07,197.11,201.0,194.6,195.49,26487244,-1.62,-0.82188,197.05
GOOGL,2025-01-06,193.98,198.22,193.85,196.87,29563638,2.89,1.49,195.73
GOOGL,2025-01-03,191.37,193.21,189.98,191.79,18596200,0.42,0.21947,191.5875
GOOGL,2025-01-02,190.65,192.0,187.5,189.43,20370828,-1.22,-0.63992,189.895
GOOGL,2024-12-31,191.08,191.96,188.51,189.3,17466919,-1.77,-0.93155,190.2125
GOOGL,2024-12-30,189.8,192.55,189.12,191.24,14264700,1.44,0.75869,190.6775
GOOGL,2024-12-27,194.95,195.32,190.65,192.76,18891400,-2.19,-1.12,193.42
GOOGL,2024-12-26,195.15,196.75,194.38,195.6,12057210,0.45,0.23059,195.47
GOOGL,2024-12-24,194.84,196.11,193.78,196.11,10403300,1.27,0.65182,195.21
GOOGL,2024-12-23,192.62,195.1,190.15,194.63,25675014,2.01,1.04,193.125
GOOGL,2024-12-20,185.78,192.89,185.22,191.41,63462934,5.63,3.03,188.825
GOOGL,2024-12-19,191.63,193.03,188.38,188.51,32265241,-3.12,-1.63,190.3875
GOOGL,2024-12-18,195.22,197.0,187.74,188.4,34166100,-6.82,-3.49,192.09
GOOGL,2024-12-17,197.25,201.42,194.98,195.42,43504025,-1.83,-0.92776,197.2675
GOOGL,2024-12-16,192.87,199.0,192.62,196.66,44934901,3.79,1.97,195.2875
GOOGL,2024-12-13,191.01,192.73,189.64,189.82,25143500,-1.19,-0.623,190.8
GOOGL,2024-12-12,195.0,195.18,191.71,191.96,34817500,-3.04,-1.56,193.4625
GOOGL,2024-12-11,185.31,195.61,184.85,195.4,67894100,10.09,5.44,190.2925
GOOGL,2024-12-10,182.85,186.36,181.05,185.17,54813022,2.32,1.27,183.8575
GOOGL,2024-12-09,173.96,176.26,173.65,175.37,25389631,1.41,0.81053,174.81
GOOGL,2024-12-06,172.03,175.08,171.86,174.71,21462400,2.68,1.56,173.42
GOOGL,2024-12-05,175.36,176.06,172.33,172.64,21356243,-2.72,-1.55,174.0975
GOOGL,2024-12-04,171.15,174.91,171.06,174.37,31615137,3.22,1.88,172.8725
GOOGL,2024-12-03,171.49,172.68,170.85,171.34,22248705,-0.15,-0.08746866,171.59
GOOGL,2024-12-02,168.77,172.08,168.57,171.49,23789100,2.73,1.61,170.2275
GOOGL,2024-11-29,168.5,169.43,167.16,168.95,14257244,0.45,0.26706,168.51
GOOGL,2024-11-27,169.0,169.48,168.02,169.23,19266511,0.23,0.13609,168.9325
GOOGL,2024-11-26,167.63,169.82,167.58,169.12,20486720,1.49,0.88886,168.5375
GOOGL,2024-11-25,166.09,168.63,165.61,167.65,33135300,1.56,0.93925,166.995
GOOGL,2024-11-22,165.85,166.46,163.9,164.76,38604600,-1.09,-0.65722,165.2425
GOOGL,2024-11-21,173.9,174.13,163.7,167.63,59734400,-6.27,-3.61,169.84
GOOGL,2024-11-20,177.34,177.68,173.78,175.98,18997111,-1.36,-0.76689,176.195
GOOGL,2024-11-19,173.72,178.87,173.56,178.12,23434925,4.4,2.53,176.0675
GOOGL,2024-11-18,173.42,175.44,172.9,175.3,20206613,1.88,1.08,174.265
GOOGL,2024-11-15,173.73,174.14,171.22,172.49,32504649,-1.24,-0.71375,172.895
GOOGL,2024-11-14,178.28,178.82,174.32,175.58,31007500,-2.7,-1.51,176.75
GOOGL,2024-11-13,180.46,180.96,178.54,178.88,23184003,-1.58,-0.87554,179.71
GOOGL,2024-11-12,179.82,182.49,179.39,181.62,25134905,1.8,1.0,180.83
GOOGL,2024-11-11,178.58,180.55,178.47,180.35,17450400,1.77,0.99115,179.4875
GOOGL,2024-11-08,180.65,180.9,178.08,178.35,22006200,-2.3,-1.27,179.495
GOOGL,2024-11-07,177.41,181.08,177.19,180.75,25352939,3.34,1.88,179.1075
GOOGL,2024-11-06,173.8,176.94,173.5,176.51,33695538,2.71,1.56,175.1875
GOOGL,2024-11-05,169.43,170.53,168.84,169.74,18242100,0.31,0.18297,169.635
GOOGL,2024-11-04,169.93,170.73,168.01,169.24,21492744,-0.69,-0.40605,169.4775
GOOGL,2024-11-01,170.07,172.32,168.88,171.29,31796500,1.22,0.71735,170.64
GOOGL,2024-10-31,173.13,176.82,171.0,171.11,44769000,-2.02,-1.17,173.015
GOOGL,2024-10-30,180.68,182.02,174.06,174.46,68890800,-6.22,-3.44,177.805
GOOGL,2024-10-29,167.73,170.38,167.09,169.68,42169025,1.95,1.16,168.72
GOOGL,2024-10-28,168.75,168.75,163.95,166.72,32138641,-2.03,-1.2,167.0425
GOOGL,2024-10-25,163.67,165.59,163.42,165.27,19828900,1.6,0.97758,164.4875
GOOGL,2024-10-24,162.83,163.33,161.01,162.72,22412527,-0.11,-0.06755512,162.4725
GOOGL,2024-10-23,164.76,165.82,161.93,162.78,18280518,-1.98,-1.2,163.8225
GOOGL,2024-10-22,162.98,165.77,162.98,165.14,16568121,2.16,1.33,164.2175
GOOGL,2024-10-21,162.95,164.5,162.62,164.07,20946500,1.12,0.68733,163.535
GOOGL,2024-10-18,163.19,164.71,163.08,163.42,19757700,0.23,0.14094,163.6
GOOGL,2024-10-17,165.73,166.37,162.76,162.93,21453400,-2.8,-1.69,164.4475
GOOGL,2024-10-16,164.53,165.8,163.74,165.16,16406030,0.63,0.38291,164.8075
GOOGL,2024-10-15,165.79,167.68,164.63,165.46,20247200,-0.325,-0.19905,165.89
GOOGL,2024-10-14,163.64,166.23,163.4,164.96,19016141,1.32,0.80665,164.5575
GOOGL,2024-10-11,162.13,163.9,161.24,163.24,15344300,1.11,0.68464,162.6275
GOOGL,2024-10-10,160.87,163.07,160.4,162.08,14144100,1.21,0.75216,161.605
GOOGL,2024-10-09,163.45,164.84,159.74,161.86,31181800,-1.59,-0.97277,162.4725
GOOGL,2024-10-08,163.94,164.73,162.87,164.38,23072733,0.44,0.26839,163.98
GOOGL,2024-10-07,167.72,168.48,162.75,162.98,22463140,-4.74,-2.83,165.4825
GOOGL,2024-10-04,168.06,168.23,165.48,167.06,19093724,-1.0,-0.59503,167.2075
GOOGL,2024-10-03,164.41,166.64,163.92,165.86,15073101,1.45,0.88194,165.2075
GOOGL,2024-10-02,166.42,167.52,164.73,165.86,17760200,-0.56,-0.3365,166.1325
GOOGL,2024-10-01,167.69,169.16,164.58,166.99,28338123,-0.695,-0.41744,167.105
GOOGL,2024-09-30,163.32,166.15,163.26,165.85,20481303,2.53,1.55,164.645
GOOGL,2024-09-27,162.81,165.7,162.63,163.95,21101307,1.14,0.7002,163.7725
GOOGL,2024-09-26,163.64,164.08,162.28,162.73,20319336,-0.91,-0.5561,163.1825
GOOGL,2024-09-25,161.47,162.81,161.3,161.49,18869200,0.02,0.0123862,161.7675
GOOGL,2024-09-24,163.03,163.22,160.69,162.29,23332147,-0.74,-0.4539,162.3075
